{
    "stopped_at_goal": true,
    "no_collision": false,
    "flight_time": 6.6,
    "flight_distance": 26.58,
    "planning_time": 22.48,
    "collision_point": [6.2951329863252425, 14.750067443338297, 3.06691207720014],
    "sim_exit": "Success: End reached."
}