{
    "stopped_at_goal": true,
    "no_collision": false,
    "flight_time": 9.78,
    "flight_distance": 28.19,
    "planning_time": 2.14,
    "collision_point": [8.51776649430946, 3.750314879359591, 1.524117127318307],
    "sim_exit": "Success: End reached."
}